机构名称,最后更新时间,涉我动向链接,动向摘要,HTML路径
Surfshark VPN,2025-07-11 15:36:22,https://expressvpn-site.com/v3u-d/386770.html,该文提及中国通过“防火长城”严格封锁境外网站（如社交媒体和新闻平台），限制信息自由流通。在此背景下，VPN技术成为用户绕过审查、保护隐私的关键工具，但面临政府技术封锁和法律禁止的挑战。文章暗示中国网络治理以审查为主，而VPN则被塑造为对抗封锁的“避风港”，未来可能依赖新技术（如区块链）进一步突破限制。,./output_in/html/Surfshark VPN\20250711_153250.html
Surfshark VPN,2025-07-11 15:36:22,https://expressvpn-site.com/v3u-d/386759.html,中国对VPN实施严格监管，未经批准的VPN服务将面临处罚。政府通过“防火长城”（GFW）封锁境外网站（如社交媒体和新闻平台），用户使用VPN翻墙属法律灰色地带，存在风险。政策旨在维护网络安全和信息控制，但也引发对网络自由与隐私保护的争议。中国在平衡国家安全与用户隐私方面面临挑战。,./output_in/html/Surfshark VPN\20250711_153334.html
Surfshark VPN,2025-07-11 15:36:22,https://expressvpn-site.com/v3u-d/386740.html,中国对VPN技术实施严格监管，仅允许政府许可的VPN服务商合法运营。《网络安全法》要求网络运营者监控用户行为，未经授权的VPN使用可能面临法律追责。政府通过技术手段限制跨境数据传输，旨在维护网络主权和信息安全。用户需选择合规服务商，个人使用未授权VPN存在法律风险。该政策反映了中国在数据主权与网络开放之间的平衡考量。,./output_in/html/Surfshark VPN\20250711_153358.html
Surfshark VPN,2025-07-11 15:36:22,https://expressvpn-site.com/v3u-d/386129.html,本文探讨VPN技术在数字隐私保护中的法律挑战，特别提到中国对VPN实施严格监管，要求服务商必须获得政府许可。文章指出，不同国家法律差异导致跨国使用VPN存在风险，并强调用户需选择合规服务商以规避法律纠纷。虽然VPN能加密流量保护隐私，但在中国需遵守网络审查政策，非法使用可能面临追责。建议加强国际协作与用户教育以平衡隐私保护与法律合规。,./output_in/html/Surfshark VPN\20250711_153548.html
Surfshark VPN,2025-07-11 15:36:22,https://expressvpn-site.com/v3u-d/386123.html,该文探讨VPN技术在中国的发展现状及未来趋势。核心内容包括：1）中国网络监管严格，VPN成为绕过限制、获取境外信息及保护隐私的工具；2）国际VPN服务在华稳定性受政策影响，部分被屏蔽；3）未来可能加强合规监管，推动技术升级（如WireGuard协议）以应对封锁；4）强调用户需选择安全可靠的VPN服务。文中隐含VPN使用与现行网络治理政策的冲突，但未直接提及具体法规。,./output_in/html/Surfshark VPN\20250711_153614.html
Surfshark VPN,2025-07-11 15:40:50,https://expressvpn-site.com/v3u-d/386846.html,这篇文章主要讨论亚洲VPN市场竞争加剧，特别提到中国严格的网络审查（如防火长城）推动了对VPN的需求增长。新兴VPN服务商通过灵活定价、技术创新和隐私承诺吸引用户，但面临价格战和用户忠诚度下降等挑战。文章间接反映了中国网络治理下，VPN作为规避审查的工具需求旺盛，同时市场竞争可能为用户提供更多选择，但服务质量与法规合规性仍是关键问题。,./output_in/html/Surfshark VPN\20250711_153718.html
Surfshark VPN,2025-07-11 15:40:50,https://expressvpn-site.com/v3u-d/386823.html,这篇文章分析了不同地区VPN服务的安全性和可靠性，指出欧美（如瑞士、北欧、加拿大）因隐私保护法律严格更值得信赖，而亚洲地区（如中国、印度）因政府监管严格可能导致用户隐私风险。文章间接反映了中国对VPN的严格管控，强调用户需选择法律环境宽松地区的服务商以保障安全，侧面印证了中国网络治理中对VPN的限制政策。,./output_in/html/Surfshark VPN\20250711_153750.html
Surfshark VPN,2025-07-11 15:40:50,https://expressvpn-site.com/v3u-d/386807.html,这篇文章提到中国用户使用VPN的主要目的是绕过网络审查，访问被屏蔽的内容，同时保护隐私。尽管中国政府对VPN实施严格限制，但仍有大量用户通过VPN获取自由互联网访问。文章将中国列为亚太地区VPN使用增长显著的国家之一，反映了用户对网络自由和数据安全的双重需求。,./output_in/html/Surfshark VPN\20250711_153811.html
Surfshark VPN,2025-07-11 15:40:50,https://expressvpn-site.com/v3u-d/386798.html,"这篇文章对比了主流VPN品牌（如NordVPN、ExpressVPN等）在各国市场的表现，特别提到ExpressVPN因""在中国等网络审查严格的国家稳定性突出""而受青睐。内容间接反映了中国网络治理的特点：1）严格的审查制度催生VPN需求；2）用户主要诉求是突破网络封锁和保护隐私；3）暗示国际VPN服务与中国防火墙存在持续对抗。文中将中国列为VPN重点市场，侧面印证了国内特殊的网络管控环境。",./output_in/html/Surfshark VPN\20250711_153830.html
Surfshark VPN,2025-07-11 15:40:50,https://expressvpn-site.com/v3u-d/386794.html,"这篇文章推荐了几款适合中国用户突破网络审查的VPN服务（如ExpressVPN、NordVPN等），强调其加密技术、全球服务器和无日志政策，帮助用户""安全访问被封锁网站""。内容间接反映了中国网络防火墙(GFW)对境外内容的限制现状，以及部分网民使用VPN规避监管的需求。需注意，在中国未经批准使用VPN可能违反《网络安全法》，文章未提及相关法律风险。",./output_in/html/Surfshark VPN\20250711_153846.html
Surfshark VPN,2025-07-11 15:40:50,https://expressvpn-site.com/v3u-d/386775.html,"这篇文章主要从地区角度分析如何选择VPN服务商，其中中国部分明确指出VPN需具备""翻墙能力""以绕过防火墙，并强调稳定性和本地支持的重要性。这间接反映了中国网络治理中存在严格的审查制度（GFW）和VPN使用限制，用户需依赖特定技术手段突破网络管控。文章将中国单独列出分析，凸显了其网络环境的特殊性和管控强度。",./output_in/html/Surfshark VPN\20250711_153927.html
Surfshark VPN,2025-07-11 15:40:50,https://expressvpn-site.com/v3u-d/386240.html,这篇文章主要介绍了在中国使用VPN的注意事项和技巧，核心内容包括：1. 中国对VPN实行严格监管，个人使用处于灰色地带；2. 建议选择付费、多协议支持的可靠VPN服务；3. 使用时应开启混淆功能、定期更新软件并避免敏感内容；4. 需注意法律风险，保持低调使用。文章反映了中国通过技术手段（如防火墙）和法律法规对网络进行管控的现实，同时体现了用户为突破限制采取的应对策略。,./output_in/html/Surfshark VPN\20250711_153943.html
Surfshark VPN,2025-07-11 15:40:50,https://expressvpn-site.com/v3u-d/386235.html,这篇文章提到中国对VPN实施严格监管，未经批准的VPN服务被视为非法，用户可能面临法律风险。与其他地区（如欧美）相比，中国对VPN的管控更为严厉，这体现了中国在网络治理中维护网络安全和内容管控的立场。文章建议用户在使用VPN时需了解当地法律，选择合规服务以降低风险。,./output_in/html/Surfshark VPN\20250711_153956.html
Surfshark VPN,2025-07-11 15:40:50,https://expressvpn-site.com/v3u-d/386220.html,该文章提到中国对VPN监管严格，许多VPN服务被防火墙封锁。用户需选择能突破防火墙的VPN，并避免敏感活动以防触法。这反映了中国在网络治理上对跨境数据流动和内容访问的严格控制，旨在维护网络安全和意识形态安全。核心是VPN在中国处于法律灰色地带，使用需谨慎合规。,./output_in/html/Surfshark VPN\20250711_154014.html
Surfshark VPN,2025-07-11 15:40:50,https://expressvpn-site.com/v3u-d/386203.html,"这篇文章主要评测了不同地区用户使用VPN的体验差异，其中提到中国用户因严格的网络审查而依赖VPN（如Astrill和ExpressVPN）访问被屏蔽网站。中国用户反馈称Astrill在""翻墙""方面表现可靠，但价格较高。文章间接反映了中国网络治理下VPN的工具性需求，但未深入探讨其法律风险或具体审查机制。相关推荐链接中多次提及""适合中国用户的VPN""，侧面印证了中国网络防火墙（GFW）的存在对用户跨境访问的影响。",./output_in/html/Surfshark VPN\20250711_154041.html
Surfshark VPN,2025-07-11 15:43:09,https://expressvpn-site.com/v3u-d/386294.html,本文分析了政府监管政策对VPN行业的影响，涉及合规成本、市场需求及技术创新。虽然未直接提及中国，但内容与中国网络治理高度相关：中国对VPN实施严格管控，要求服务商合规注册，限制未经授权的VPN使用，以维护网络安全和内容审查。这种监管抑制了市场需求，但也推动企业技术升级（如加密算法），同时影响国际业务合作。政策在保障安全的同时，可能制约行业创新与竞争。,./output_in/html/Surfshark VPN\20250711_154305.html
